category,name,status,original price,discount,final price,months in use,buying date,original link
decor,artificial bambu,available now,$89.99,50%,$45.00,8.8,"August 31, 2025",https://www.ikea.com/us/en/p/fejka-artificial-potted-plant-indoor-outdoor-bamboo-40568892/
decor,black floor lamp,available now,$14.00,50%,$7.00,8.9,"August 28, 2025",
decor,entryway rug,available after Jun 15,$16.40,50%,$8.20,3.733333333333,"January 30, 2026",https://a.co/d/0cl6qUhI
decor,gray floor lamp,available now,$14.00,50%,$7.00,8.8,"August 31, 2025",https://www.target.com/p/torchiere-floor-lamp-room-essentials/-/A-87922467?preselect=87291871#lnk=sametab
decor,mirror,soon,$0.00,50%,$0.00,8.8,"August 31, 2025",
decor,paiting,available now,$12.00,50%,$6.00,9,"August 25, 2025",
decor,rug 8’x10’,available after Jun 15,$75.88,50%,$37.94,1.866666666667,"March 27, 2026",https://a.co/d/0cAkhJsm
decor,table lamp,available now,$12.00,50%,$6.00,9.033333333333,"August 24, 2025",
decor,table lamp with outlet,available now,$12.00,50%,$6.00,8.8,"August 31, 2025",
decor,throw pillow 4x,available after Jun 15,$26.89,50%,$13.45,8.9,"August 28, 2025",https://www.amazon.com/dp/B07TJYBLMG?ref=ppx_yo2ov_dt_b_fed_asin_title
decor,throw pillow covers 4x,available after Jun 15,$27.99,50%,$14.00,8.9,"August 28, 2025",https://www.amazon.com/dp/B0F1F9L2YR?ref_=ppx_hzod_title_dt_b_fed_asin_title_0_0
furniture,bedframe,available after Jun 15,$120.00,80%,$24.00,9.033333333333,"August 24, 2025",
furniture,"cadeira de madeira com rodinhas ",soon,$0.00,50%,$0.00,8.8,"August 31, 2025",
furniture,chair 2x,available now,$70.00,70%,$21.00,8.8,"August 31, 2025",https://www.ikea.com/us/en/p/stefan-chair-brown-black-00211088/
furniture,couch,available after Jun 15,$269.00,70%,$80.70,8.966666666667,"August 26, 2025",https://www.ikea.com/us/en/p/klippan-loveseat-vissle-gray-s09010617/
furniture,desk,available now,$99.99,50%,$50.00,8.8,"August 31, 2025",https://www.ikea.com/us/en/p/micke-desk-black-brown-10244743/
furniture,dinner table,available now,$331.66,70%,$99.50,8.8,"August 31, 2025",https://www.homedepot.com/p/Linon-Home-Decor-Angie-Teal-Blue-and-Dark-Gray-Wood-59-in-4-Leg-Dining-Table-Seats-6-THD4572/326109142
furniture,dresser,available after Jun 15,$136.21,50%,$68.11,8.666666666667,"September 4, 2025",https://a.co/d/0cmSpwPT
furniture,flexispot desk,available now,$639.99,70%,$192.00,8.8,"August 31, 2025",https://www.flexispot.com/flexispot-pro-standing-desk-e7
furniture,foldable shelf,available after Jun 15,$67.94,50%,$33.97,8.8,"August 31, 2025",https://www.homedepot.com/p/WINSOME-WOOD-Terry-4-Tier-Foldable-Shelf-Narrow-Black-20852/318372372
furniture,leather armchair,available now,$105.00,50%,$52.50,8.8,"August 31, 2025",https://www.homedepot.com/p/Glamour-Home-Adaya-Cappuccino-Brown-Faux-Leather-Arm-Chair-with-Beech-Legs-Set-of-2-GHDC-1191/312092256
furniture,office desk chair,available now,$40.00,60%,$16.00,,,
furniture,office desk chair,available after Jun 15,$39.86,50%,$19.93,6,"November 23, 2025",https://a.co/d/04iDZkaV
furniture,rustic coffee table,available now,$150.00,50%,$75.00,8.8,"August 31, 2025",
furniture,shoe cabinet + bench,available now,$152.99,50%,$76.50,8.666666666667,"September 4, 2025",https://a.co/d/07ohBY1B
furniture,side table - morsman,available now,$99.99,70%,$30.00,9.033333333333,"August 24, 2025",https://www.etsy.com/pt/listing/1183845960/mersman-vintage-mid-century-modern-end?show_sold_out_detail=1&ref=nla_listing_details
furniture,side table round,available now,$46.49,50%,$23.25,8.8,"August 31, 2025",https://www.target.com/p/the-urban-port-15-34-modern-side-end-table-metal-round-tray-top-foldable-legs-black/-/A-93171292
furniture,side table with drawers,available now,$40.00,50%,$20.00,8.9,"August 28, 2025",
eletronic,microwave,available after Jun 15,$20.00,50%,$10.00,9.033333333333,"August 24, 2025",
eletronic,outlet extender - 5FT,available now,$8.99,50%,$4.50,8.2,"September 18, 2025",https://a.co/d/09bkiCag
eletronic,outlet extender - 5FT,available now,$8.99,50%,$4.50,8,"September 24, 2025",https://a.co/d/09bkiCag
eletronic,outlet extender - 10 FT,available now,$12.99,50%,$6.50,6,"November 23, 2025",https://a.co/d/0cWexYQx
eletronic,robot vacuum,available after Jun 15,$114.74,50%,$57.37,8.833333333333,"August 30, 2025",https://a.co/d/0aLmET1V
bedding,air matress - full size,available now,$72.24,50%,$36.12,7.2,"October 18, 2025",https://a.co/d/0ej6j13B
bedding,bed pillows 2x,available after Jun 15,$28.99,50%,$14.50,8.9,"August 28, 2025",https://a.co/d/09Gae4Wc
bedding,comforter set - queen size - 7 pieces,available after Jun 15,$38.99,70%,$11.70,8.9,"August 28, 2025",https://www.amazon.com/dp/B0CN34R5W3?ref_=ppx_hzod_title_dt_b_fed_asin_title_1_0
bedding,mattress - queen size,available after Jun 15,$191.24,50%,$95.62,8.933333333333,"August 27, 2025",
bedding,sheet set - queen size - 4 pieces - offwhite,available after Jun 15,$29.99,70%,$9.00,8.9,"August 28, 2025",https://www.amazon.com/dp/B0CT9R7WN5?ref_=ppx_hzod_title_dt_b_fed_asin_title_1_1
bedding,sheet set - queen size - 4 pieces - white,available after Jun 15,$29.99,70%,$9.00,8.9,"August 28, 2025",https://www.amazon.com/dp/B0CT9R7WN5?ref_=ppx_hzod_title_dt_b_fed_asin_title_1_1
kitchen,blender,available after Jun 15,$20.00,50%,$10.00,7.366666666667,"October 13, 2025",https://www.target.com/p/hamilton-beach-one-speed-single-serve-blender-black/-/A-11893664
kitchen,cake pan small,available now,$9.00,50%,$4.50,8.533333333333,"September 8, 2025",
kitchen,champagne flute 4x,available now,$12.00,60%,$4.80,8.8,"August 31, 2025",
kitchen,cookie sheet large,available after Jun 15,$9.00,50%,$4.50,8.533333333333,"September 8, 2025",https://www.target.com/p/goodcook-11-34-x17-34-nonstick-steel-cookie-sheet-gray/-/A-88232825#lnk=sametab
kitchen,crock pot,available now,$89.87,60%,$35.95,8.8,"August 31, 2025",https://www.walmart.com/ip/Crock-Pot-7-Quart-Smart-Pot-Slow-Cooker-Brushed-Stainless-Steel/54947078
kitchen,dinner plate 3x,available now,$30.00,50%,$15.00,8.8,"August 31, 2025",
kitchen,escorredor,soon,$0.00,50%,$0.00,8.8,"August 31, 2025",
kitchen,flatware,available after Jun 15,$15.00,50%,$7.50,8.766666666667,"September 1, 2025",https://www.target.com/p/20pc-teagan-flatware-silver-room-essentials-8482/-/A-14901073#lnk=sametab
kitchen,glass 2x,available now,$16.00,50%,$8.00,8.8,"August 31, 2025",
kitchen,ikea plates 5x,available after Jun 15,$25.00,50%,$12.50,8.8,"August 31, 2025",https://www.ikea.com/us/en/p/faergklar-18-piece-dinnerware-set-matte-dark-gray-20564710/
kitchen,jogo de panelas,soon,$0.00,50%,$0.00,8.766666666667,"September 1, 2025",
kitchen,manual can opener,available after Jun 15,$12.99,50%,$6.50,7.2,"October 18, 2025",https://www.target.com/p/movssou-manual-can-opener-stainless-steel-safe-smooth-edge/-/A-93276577
kitchen,mugs (4x),available now,$12.74,50%,$6.37,8.3,"September 15, 2025",https://a.co/d/07d08yoG
kitchen,pie dish,available now,$20.00,50%,$10.00,,,
kitchen,plastic bowl 2x,available now,$10.00,50%,$5.00,8.8,"August 31, 2025",
kitchen,plastic plates 5x,available now,$10.00,50%,$5.00,,,
kitchen,popcorn popper,available now,$15.00,50%,$7.50,8.8,"August 31, 2025",
kitchen,serving bowl,available now,$30.00,30%,$21.00,,,
kitchen,shot glass,available now,$20.00,60%,$8.00,,,
kitchen,small shot glass,available now,$8.00,50%,$4.00,8.8,"August 31, 2025",
kitchen,stub glass - low 3x,available now,$20.00,50%,$10.00,8.8,"August 31, 2025",
kitchen,stub glass - tall 5x,available now,$40.00,50%,$20.00,8.8,"August 31, 2025",
kitchen,utensil set with holder,available after Jun 15,$10.00,50%,$5.00,8.8,"August 31, 2025",
kitchen,water filter,available now,$5.00,50%,$2.50,8.8,"August 31, 2025",
kitchen,water filter pitcher,available after Jun 15,$16.00,50%,$8.00,8.8,"August 31, 2025",https://www.cvs.com/shop/brita-small-6-cup-denali-water-filter-pitcher-with-1-brita-standard-filter-white-prodid-822759
organizers, 3-drawer stacking,available now,$20.99,50%,$10.50,7.1,"October 21, 2025",https://www.target.com/p/iris-medium-3-drawer-stacking-desktop-organizer--1-pack--plastic-drawer-storage-container-for-stationery-art-craft-supplies--white/-/A-87079304
organizers,basket 2x,soon,$0.00,50%,$0.00,9,"August 25, 2025",
organizers,desk tool organizer,available after Jun 15,$14.00,50%,$7.00,7.3,"October 15, 2025",https://www.target.com/p/canvas-desk-tool-holder-organizer-black---brightroom--8482---desktop---38--office-organizers--polyester-canvas--12-25--34--width/-/A-86941073
organizers,drawer organizer,available now,$12.00,50%,$6.00,,,https://www.amazon.com/Madesmart-Classic-4-Compartment-Organizer-Multipurpose/dp/B00EE05GG0?th=1
organizers,lixeira de metal,soon,$0.00,50%,$0.00,8.8,"August 31, 2025",
organizers,lixeira de plástico,soon,$0.00,50%,$0.00,8.8,"August 31, 2025",
organizers,makeup organizer,available after Jun 15,$15.00,50%,$7.50,7.266666666667,"October 16, 2025",https://www.target.com/p/makeup-turntable-beauty-vanity-organizer-small---brightroom--8482---clear-plastic-makeup-storage-with-5-compartments--7--34-x7--34-x5-88--34-/-/A-75663616
organizers,organizadores variados,soon,$0.00,50%,$0.00,8.8,"August 31, 2025",
organizers,organizer set,available after Jun 15,$12.00,50%,$6.00,8.533333333333,"September 8, 2025",https://www.target.com/p/6pc-plastic-drawer-organizer-clear-brightroom-8482/-/A-83901180#lnk=sametab
organizers,storage bin,available after Jun 15,$8.00,20%,$6.40,7.233333333333,"October 17, 2025",https://www.target.com/p/32qt-clear-storage-bin-with-latches---brightroom--8482-/-/A-93286401
cleaning,"bucket ",available after Jun 15,$15.88,50%,$7.94,8.9,"August 28, 2025",https://www.amazon.com/dp/B0D2HWD7YN?ref_=ppx_hzod_title_dt_b_fed_asin_title_1_0
cleaning,mop,available after Jun 15,$15.00,50%,$7.50,8.9,"August 28, 2025",
cleaning,power mop + pads,available after Jun 15,$29.94,20%,$23.95,8.9,"August 28, 2025",https://www.amazon.com/dp/B0C1DWC251?ref_=ppx_hzod_title_dt_b_fed_asin_title_0_0
others,pebolim,soon,$0.00,50%,$0.00,8.8,"August 31, 2025",
others,yoga mat,available after Jun 15,$24.99,50%,$12.50,9,"August 25, 2025",https://www.amazon.com/dp/B091FXKQZ6?ref=ppx_yo2ov_dt_b_fed_asin_title